store_id,store_name,store_city,store_region,opening_date
2,"Arellano, Clark and Phelps Store",Wolfeland,Minnesota,2019-09-15
5,"Warren, Smith and Smith Store",North Marissa,Washington,2022-12-01
1,Wood-Davis Store,Snyderport,Georgia,2024-04-15
3,Garcia LLC Store,New Karenchester,Georgia,2020-05-29
4,Berry-Davis Store,Torresburgh,Alaska,2024-07-26
