line_item_id,transaction_id,product_id,promotion_id,quantity,line_item_amount,customer_id,store_id,transaction_date,total_amount,customer_phone_x,product_name,product_category,unit_price,current_stock_level,first_name,email,loyalty_status,total_loyalty_points,last_purchase_date,segment_id,customer_phone_y,customer_since,store_name,store_city,store_region,opening_date,promotion_name,start_date,end_date,discount_percentage,applicable_category,error_reason
11,TXN100003,3,,2,3162.18,75.0,2,2026-02-01 08:11:01.543340,-2167.42,7428208928,Picture,Grocery,1581.09,882,Anthony,manuel20@example.net,Silver,4973.0,2026-02-02,AR,1332670868.0,2024-05-15,"Arellano, Clark and Phelps Store",Wolfeland,Minnesota,2019-09-15,,,,,,Total amount is Negative or NULL
12,TXN100003,30,,4,7528.08,75.0,2,2026-02-01 08:11:01.543340,-2167.42,7428208928,Send,Home,1882.02,876,Anthony,manuel20@example.net,Silver,4973.0,2026-02-02,AR,1332670868.0,2024-05-15,"Arellano, Clark and Phelps Store",Wolfeland,Minnesota,2019-09-15,,,,,,Total amount is Negative or NULL
13,TXN100003,7,,3,421.74,75.0,2,2026-02-01 08:11:01.543340,-2167.42,7428208928,Later,Grocery,140.58,481,Anthony,manuel20@example.net,Silver,4973.0,2026-02-02,AR,1332670868.0,2024-05-15,"Arellano, Clark and Phelps Store",Wolfeland,Minnesota,2019-09-15,,,,,,Total amount is Negative or NULL
75,TXN100024,8,,3,3704.13,70.0,1,2026-01-31 08:11:01.544396,-4317.82,1794771680,Weight,Grocery,1234.71,746,Selena,lrocha@example.com,Silver,3183.0,2025-12-31,AR,5534255668.0,2021-09-03,Wood-Davis Store,Snyderport,Georgia,2024-04-15,,,,,,Total amount is Negative or NULL
76,TXN100024,15,4.0,4,961.84,70.0,1,2026-01-31 08:11:01.544396,-4317.82,1794771680,Tell,Home,240.46,357,Selena,lrocha@example.com,Silver,3183.0,2025-12-31,AR,5534255668.0,2021-09-03,Wood-Davis Store,Snyderport,Georgia,2024-04-15,Follow Sale,2026-01-17,2026-02-19,6.19,Electronics,Total amount is Negative or NULL
87,TXN100029,29,,4,6246.04,76.0,3,2026-01-31 08:11:01.544674,-1688.36,4303210059,Ground,Home,1561.51,84,Emma,dawn52@example.org,Gold,4433.0,2026-01-28,REG,1814523155.0,2025-05-28,Garcia LLC Store,New Karenchester,Georgia,2020-05-29,,,,,,Total amount is Negative or NULL
88,TXN100029,15,,3,721.38,76.0,3,2026-01-31 08:11:01.544674,-1688.36,4303210059,Tell,Home,240.46,357,Emma,dawn52@example.org,Gold,4433.0,2026-01-28,REG,1814523155.0,2025-05-28,Garcia LLC Store,New Karenchester,Georgia,2020-05-29,,,,,,Total amount is Negative or NULL
89,TXN100029,9,,2,765.04,76.0,3,2026-01-31 08:11:01.544674,-1688.36,4303210059,Little,Grocery,382.52,271,Emma,dawn52@example.org,Gold,4433.0,2026-01-28,REG,1814523155.0,2025-05-28,Garcia LLC Store,New Karenchester,Georgia,2020-05-29,,,,,,Total amount is Negative or NULL
113,TXN100037,22,,3,1663.86,,2,2026-02-03 08:11:01.545118,447.87,7129818738,Raise,Beauty,554.62,207,,,,,,,,,"Arellano, Clark and Phelps Store",Wolfeland,Minnesota,2019-09-15,,,,,,customer_id is NULL
114,TXN100037,26,,1,1116.09,,2,2026-02-03 08:11:01.545118,447.87,7129818738,Well,Grocery,1116.09,176,,,,,,,,,"Arellano, Clark and Phelps Store",Wolfeland,Minnesota,2019-09-15,,,,,,customer_id is NULL
115,TXN100037,11,,1,1900.33,,2,2026-02-03 08:11:01.545118,447.87,7129818738,Tough,Home,1900.33,315,,,,,,,,,"Arellano, Clark and Phelps Store",Wolfeland,Minnesota,2019-09-15,,,,,,customer_id is NULL
116,TXN100037,7,,2,281.16,,2,2026-02-03 08:11:01.545118,447.87,7129818738,Later,Grocery,140.58,481,,,,,,,,,"Arellano, Clark and Phelps Store",Wolfeland,Minnesota,2019-09-15,,,,,,customer_id is NULL
117,TXN100037,10,,4,707.4,,2,2026-02-03 08:11:01.545118,447.87,7129818738,Without,Beauty,176.85,721,,,,,,,,,"Arellano, Clark and Phelps Store",Wolfeland,Minnesota,2019-09-15,,,,,,customer_id is NULL
281,TXN100087,22,,4,2218.48,,2,2026-01-30 08:11:01.547905,2647.61,9421534833,Raise,Beauty,554.62,207,,,,,,,,,"Arellano, Clark and Phelps Store",Wolfeland,Minnesota,2019-09-15,,,,,,customer_id is NULL
282,TXN100087,5,2.0,4,4211.04,,2,2026-01-30 08:11:01.547905,2647.61,9421534833,Least,Beauty,1052.76,290,,,,,,,,,"Arellano, Clark and Phelps Store",Wolfeland,Minnesota,2019-09-15,Full Sale,2026-01-19,2026-02-17,15.89,Beauty,customer_id is NULL
292,TXN100092,29,,4,6246.04,51.0,3,2026-02-01 08:11:01.548173,-2784.89,4455111594,Ground,Home,1561.51,84,Leslie,whitetammy@example.com,Gold,4548.0,2026-01-20,AR,5593780907.0,2025-07-31,Garcia LLC Store,New Karenchester,Georgia,2020-05-29,,,,,,Total amount is Negative or NULL
293,TXN100092,6,,3,3615.63,51.0,3,2026-02-01 08:11:01.548173,-2784.89,4455111594,Daughter,Apparel,1205.21,475,Leslie,whitetammy@example.com,Gold,4548.0,2026-01-20,AR,5593780907.0,2025-07-31,Garcia LLC Store,New Karenchester,Georgia,2020-05-29,,,,,,Total amount is Negative or NULL
294,TXN100092,4,,2,878.72,51.0,3,2026-02-01 08:11:01.548173,-2784.89,4455111594,Offer,Beauty,439.36,835,Leslie,whitetammy@example.com,Gold,4548.0,2026-01-20,AR,5593780907.0,2025-07-31,Garcia LLC Store,New Karenchester,Georgia,2020-05-29,,,,,,Total amount is Negative or NULL
295,TXN100092,23,,1,1341.92,51.0,3,2026-02-01 08:11:01.548173,-2784.89,4455111594,Process,Home,1341.92,399,Leslie,whitetammy@example.com,Gold,4548.0,2026-01-20,AR,5593780907.0,2025-07-31,Garcia LLC Store,New Karenchester,Georgia,2020-05-29,,,,,,Total amount is Negative or NULL
296,TXN100092,11,,2,3800.66,51.0,3,2026-02-01 08:11:01.548173,-2784.89,4455111594,Tough,Home,1900.33,315,Leslie,whitetammy@example.com,Gold,4548.0,2026-01-20,AR,5593780907.0,2025-07-31,Garcia LLC Store,New Karenchester,Georgia,2020-05-29,,,,,,Total amount is Negative or NULL
312,TXN100097,28,,1,1940.69,103.0,2,2026-01-28 08:11:01.548453,-1075.74,797428875,Loss,Apparel,1940.69,832,Madison,michellewilson@example.org,Bronze,3354.0,2026-01-20,REG,8908973137.0,2022-06-14,"Arellano, Clark and Phelps Store",Wolfeland,Minnesota,2019-09-15,,,,,,Total amount is Negative or NULL
313,TXN100097,5,,1,1052.76,103.0,2,2026-01-28 08:11:01.548453,-1075.74,797428875,Least,Beauty,1052.76,290,Madison,michellewilson@example.org,Bronze,3354.0,2026-01-20,REG,8908973137.0,2022-06-14,"Arellano, Clark and Phelps Store",Wolfeland,Minnesota,2019-09-15,,,,,,Total amount is Negative or NULL
314,TXN100097,2,,1,939.34,103.0,2,2026-01-28 08:11:01.548453,-1075.74,797428875,Throughout,Beauty,939.34,289,Madison,michellewilson@example.org,Bronze,3354.0,2026-01-20,REG,8908973137.0,2022-06-14,"Arellano, Clark and Phelps Store",Wolfeland,Minnesota,2019-09-15,,,,,,Total amount is Negative or NULL
315,TXN100097,6,3.0,1,1205.21,103.0,2,2026-01-28 08:11:01.548453,-1075.74,797428875,Daughter,Apparel,1205.21,475,Madison,michellewilson@example.org,Bronze,3354.0,2026-01-20,REG,8908973137.0,2022-06-14,"Arellano, Clark and Phelps Store",Wolfeland,Minnesota,2019-09-15,Next Sale,2026-01-23,2026-02-09,23.25,ALL,Total amount is Negative or NULL
316,TXN100097,14,4.0,1,644.0,103.0,2,2026-01-28 08:11:01.548453,-1075.74,797428875,Consider,Apparel,644.0,768,Madison,michellewilson@example.org,Bronze,3354.0,2026-01-20,REG,8908973137.0,2022-06-14,"Arellano, Clark and Phelps Store",Wolfeland,Minnesota,2019-09-15,Follow Sale,2026-01-17,2026-02-19,6.19,Electronics,Total amount is Negative or NULL
382,TXN100117,19,,1,1015.59,75.0,4,2026-02-02 08:11:01.553822,-2865.52,4686406937,Security,Electronics,1015.59,941,Anthony,manuel20@example.net,Silver,4973.0,2026-02-02,AR,1332670868.0,2024-05-15,Berry-Davis Store,Torresburgh,Alaska,2024-07-26,,,,,,Total amount is Negative or NULL
383,TXN100117,17,2.0,3,2724.9,75.0,4,2026-02-02 08:11:01.553822,-2865.52,4686406937,Ask,Home,908.3,72,Anthony,manuel20@example.net,Silver,4973.0,2026-02-02,AR,1332670868.0,2024-05-15,Berry-Davis Store,Torresburgh,Alaska,2024-07-26,Full Sale,2026-01-19,2026-02-17,15.89,Beauty,Total amount is Negative or NULL
399,TXN100123,1,,2,1528.82,31.0,2,2026-02-01 08:11:01.554178,-1076.87,9973525094,Guy,Home,764.41,977,James,iproctor@example.com,Bronze,3219.0,2026-01-26,AR,100711157.0,2024-03-27,"Arellano, Clark and Phelps Store",Wolfeland,Minnesota,2019-09-15,,,,,,Total amount is Negative or NULL
400,TXN100123,16,,2,2768.5,31.0,2,2026-02-01 08:11:01.554178,-1076.87,9973525094,Summer,Apparel,1384.25,898,James,iproctor@example.com,Bronze,3219.0,2026-01-26,AR,100711157.0,2024-03-27,"Arellano, Clark and Phelps Store",Wolfeland,Minnesota,2019-09-15,,,,,,Total amount is Negative or NULL
401,TXN100123,18,3.0,3,863.91,31.0,2,2026-02-01 08:11:01.554178,-1076.87,9973525094,Process,Beauty,287.97,811,James,iproctor@example.com,Bronze,3219.0,2026-01-26,AR,100711157.0,2024-03-27,"Arellano, Clark and Phelps Store",Wolfeland,Minnesota,2019-09-15,Next Sale,2026-01-23,2026-02-09,23.25,ALL,Total amount is Negative or NULL
402,TXN100123,5,,4,4211.04,31.0,2,2026-02-01 08:11:01.554178,-1076.87,9973525094,Least,Beauty,1052.76,290,James,iproctor@example.com,Bronze,3219.0,2026-01-26,AR,100711157.0,2024-03-27,"Arellano, Clark and Phelps Store",Wolfeland,Minnesota,2019-09-15,,,,,,Total amount is Negative or NULL
403,TXN100123,26,4.0,1,1116.09,31.0,2,2026-02-01 08:11:01.554178,-1076.87,9973525094,Well,Grocery,1116.09,176,James,iproctor@example.com,Bronze,3219.0,2026-01-26,AR,100711157.0,2024-03-27,"Arellano, Clark and Phelps Store",Wolfeland,Minnesota,2019-09-15,Follow Sale,2026-01-17,2026-02-19,6.19,Electronics,Total amount is Negative or NULL
662,TXN100205,4,3.0,2,878.72,58.0,4,2026-01-31 08:11:01.568981,-1351.1,2897798338,Offer,Beauty,439.36,835,Jennifer,raymondstephens@example.com,Bronze,1154.0,2026-02-03,REG,8579850143.0,2024-03-15,Berry-Davis Store,Torresburgh,Alaska,2024-07-26,Next Sale,2026-01-23,2026-02-09,23.25,ALL,Total amount is Negative or NULL
663,TXN100205,10,,1,176.85,58.0,4,2026-01-31 08:11:01.568981,-1351.1,2897798338,Without,Beauty,176.85,721,Jennifer,raymondstephens@example.com,Bronze,1154.0,2026-02-03,REG,8579850143.0,2024-03-15,Berry-Davis Store,Torresburgh,Alaska,2024-07-26,,,,,,Total amount is Negative or NULL
689,TXN100214,29,4.0,1,1561.51,115.0,4,2026-02-04 08:11:01.569477,-3174.54,2304127332,Ground,Home,1561.51,84,Shawna,zwalker@example.org,Bronze,2205.0,2025-12-07,HS,1375020418.0,2021-06-06,Berry-Davis Store,Torresburgh,Alaska,2024-07-26,Follow Sale,2026-01-17,2026-02-19,6.19,Electronics,Total amount is Negative or NULL
690,TXN100214,10,,4,707.4,115.0,4,2026-02-04 08:11:01.569477,-3174.54,2304127332,Without,Beauty,176.85,721,Shawna,zwalker@example.org,Bronze,2205.0,2025-12-07,HS,1375020418.0,2021-06-06,Berry-Davis Store,Torresburgh,Alaska,2024-07-26,,,,,,Total amount is Negative or NULL
691,TXN100214,24,,2,1315.68,115.0,4,2026-02-04 08:11:01.569477,-3174.54,2304127332,Technology,Electronics,657.84,512,Shawna,zwalker@example.org,Bronze,2205.0,2025-12-07,HS,1375020418.0,2021-06-06,Berry-Davis Store,Torresburgh,Alaska,2024-07-26,,,,,,Total amount is Negative or NULL
692,TXN100214,29,,1,1561.51,115.0,4,2026-02-04 08:11:01.569477,-3174.54,2304127332,Ground,Home,1561.51,84,Shawna,zwalker@example.org,Bronze,2205.0,2025-12-07,HS,1375020418.0,2021-06-06,Berry-Davis Store,Torresburgh,Alaska,2024-07-26,,,,,,Total amount is Negative or NULL
693,TXN100214,11,,2,3800.66,115.0,4,2026-02-04 08:11:01.569477,-3174.54,2304127332,Tough,Home,1900.33,315,Shawna,zwalker@example.org,Bronze,2205.0,2025-12-07,HS,1375020418.0,2021-06-06,Berry-Davis Store,Torresburgh,Alaska,2024-07-26,,,,,,Total amount is Negative or NULL
715,TXN100221,2,5.0,1,939.34,11.0,5,2026-02-03 08:11:01.576047,-3974.34,829083410,Throughout,Beauty,939.34,289,Valerie,rachel35@example.net,Gold,4496.0,2025-12-11,REG,8215339509.0,2025-08-03,"Warren, Smith and Smith Store",North Marissa,Washington,2022-12-01,Result Sale,2026-01-12,2026-02-06,19.15,Beauty,Total amount is Negative or NULL
716,TXN100221,9,,4,1530.08,11.0,5,2026-02-03 08:11:01.576047,-3974.34,829083410,Little,Grocery,382.52,271,Valerie,rachel35@example.net,Gold,4496.0,2025-12-11,REG,8215339509.0,2025-08-03,"Warren, Smith and Smith Store",North Marissa,Washington,2022-12-01,,,,,,Total amount is Negative or NULL
717,TXN100221,5,5.0,1,1052.76,11.0,5,2026-02-03 08:11:01.576047,-3974.34,829083410,Least,Beauty,1052.76,290,Valerie,rachel35@example.net,Gold,4496.0,2025-12-11,REG,8215339509.0,2025-08-03,"Warren, Smith and Smith Store",North Marissa,Washington,2022-12-01,Result Sale,2026-01-12,2026-02-06,19.15,Beauty,Total amount is Negative or NULL
718,TXN100221,27,,3,1231.41,11.0,5,2026-02-03 08:11:01.576047,-3974.34,829083410,Ball,Grocery,410.47,34,Valerie,rachel35@example.net,Gold,4496.0,2025-12-11,REG,8215339509.0,2025-08-03,"Warren, Smith and Smith Store",North Marissa,Washington,2022-12-01,,,,,,Total amount is Negative or NULL
791,TXN100244,30,,1,1882.02,58.0,4,2026-01-29 08:11:01.577361,-3252.37,9934492072,Send,Home,1882.02,876,Jennifer,raymondstephens@example.com,Bronze,1154.0,2026-02-03,REG,8579850143.0,2024-03-15,Berry-Davis Store,Torresburgh,Alaska,2024-07-26,,,,,,Total amount is Negative or NULL
792,TXN100244,11,5.0,4,7601.32,58.0,4,2026-01-29 08:11:01.577361,-3252.37,9934492072,Tough,Home,1900.33,315,Jennifer,raymondstephens@example.com,Bronze,1154.0,2026-02-03,REG,8579850143.0,2024-03-15,Berry-Davis Store,Torresburgh,Alaska,2024-07-26,Result Sale,2026-01-12,2026-02-06,19.15,Beauty,Total amount is Negative or NULL
793,TXN100244,24,,4,2631.36,58.0,4,2026-01-29 08:11:01.577361,-3252.37,9934492072,Technology,Electronics,657.84,512,Jennifer,raymondstephens@example.com,Bronze,1154.0,2026-02-03,REG,8579850143.0,2024-03-15,Berry-Davis Store,Torresburgh,Alaska,2024-07-26,,,,,,Total amount is Negative or NULL
794,TXN100244,4,5.0,4,1757.44,58.0,4,2026-01-29 08:11:01.577361,-3252.37,9934492072,Offer,Beauty,439.36,835,Jennifer,raymondstephens@example.com,Bronze,1154.0,2026-02-03,REG,8579850143.0,2024-03-15,Berry-Davis Store,Torresburgh,Alaska,2024-07-26,Result Sale,2026-01-12,2026-02-06,19.15,Beauty,Total amount is Negative or NULL
851,TXN100262,5,,1,1052.76,,4,2026-02-03 08:11:01.584657,988.89,7236728124,Least,Beauty,1052.76,290,,,,,,,,,Berry-Davis Store,Torresburgh,Alaska,2024-07-26,,,,,,customer_id is NULL
852,TXN100262,25,4.0,2,2128.26,,4,2026-02-03 08:11:01.584657,988.89,7236728124,Money,Electronics,1064.13,60,,,,,,,,,Berry-Davis Store,Torresburgh,Alaska,2024-07-26,Follow Sale,2026-01-17,2026-02-19,6.19,Electronics,customer_id is NULL
853,TXN100262,26,,3,3348.27,,4,2026-02-03 08:11:01.584657,988.89,7236728124,Well,Grocery,1116.09,176,,,,,,,,,Berry-Davis Store,Torresburgh,Alaska,2024-07-26,,,,,,customer_id is NULL
854,TXN100262,13,,2,3252.74,,4,2026-02-03 08:11:01.584657,988.89,7236728124,Approach,Beauty,1626.37,739,,,,,,,,,Berry-Davis Store,Torresburgh,Alaska,2024-07-26,,,,,,customer_id is NULL
876,TXN100271,29,3.0,4,6246.04,,2,2026-01-31 08:11:01.585310,1101.67,4613759242,Ground,Home,1561.51,84,,,,,,,,,"Arellano, Clark and Phelps Store",Wolfeland,Minnesota,2019-09-15,Next Sale,2026-01-23,2026-02-09,23.25,ALL,customer_id is NULL
877,TXN100272,8,2.0,4,4938.84,37.0,4,2026-02-02 08:11:01.585363,-1707.8,7625482037,Weight,Grocery,1234.71,746,Benjamin,ymarquez@example.net,Silver,1959.0,2025-12-25,REG,4854018154.0,2025-11-12,Berry-Davis Store,Torresburgh,Alaska,2024-07-26,Full Sale,2026-01-19,2026-02-17,15.89,Beauty,Total amount is Negative or NULL
878,TXN100272,13,,2,3252.74,37.0,4,2026-02-02 08:11:01.585363,-1707.8,7625482037,Approach,Beauty,1626.37,739,Benjamin,ymarquez@example.net,Silver,1959.0,2025-12-25,REG,4854018154.0,2025-11-12,Berry-Davis Store,Torresburgh,Alaska,2024-07-26,,,,,,Total amount is Negative or NULL
879,TXN100272,29,,3,4684.53,37.0,4,2026-02-02 08:11:01.585363,-1707.8,7625482037,Ground,Home,1561.51,84,Benjamin,ymarquez@example.net,Silver,1959.0,2025-12-25,REG,4854018154.0,2025-11-12,Berry-Davis Store,Torresburgh,Alaska,2024-07-26,,,,,,Total amount is Negative or NULL
880,TXN100272,25,3.0,4,4256.52,37.0,4,2026-02-02 08:11:01.585363,-1707.8,7625482037,Money,Electronics,1064.13,60,Benjamin,ymarquez@example.net,Silver,1959.0,2025-12-25,REG,4854018154.0,2025-11-12,Berry-Davis Store,Torresburgh,Alaska,2024-07-26,Next Sale,2026-01-23,2026-02-09,23.25,ALL,Total amount is Negative or NULL
1025,TXN100319,4,5.0,1,439.36,113.0,1,2026-01-29 08:11:01.600567,-1812.97,4324957992,Offer,Beauty,439.36,835,Scott,erinmartinez@example.com,Bronze,16.0,2025-12-19,AR,8758955293.0,2023-02-25,Wood-Davis Store,Snyderport,Georgia,2024-04-15,Result Sale,2026-01-12,2026-02-06,19.15,Beauty,Total amount is Negative or NULL
1026,TXN100319,28,,2,3881.38,113.0,1,2026-01-29 08:11:01.600567,-1812.97,4324957992,Loss,Apparel,1940.69,832,Scott,erinmartinez@example.com,Bronze,16.0,2025-12-19,AR,8758955293.0,2023-02-25,Wood-Davis Store,Snyderport,Georgia,2024-04-15,,,,,,Total amount is Negative or NULL
1136,TXN100352,8,4.0,1,1234.71,49.0,2,2026-01-28 08:11:01.608603,-4752.39,662969700,Weight,Grocery,1234.71,746,Sharon,patrick73@example.net,Gold,2049.0,2026-01-08,HS,6973185560.0,2025-10-29,"Arellano, Clark and Phelps Store",Wolfeland,Minnesota,2019-09-15,Follow Sale,2026-01-17,2026-02-19,6.19,Electronics,Total amount is Negative or NULL
1137,TXN100352,4,2.0,1,439.36,49.0,2,2026-01-28 08:11:01.608603,-4752.39,662969700,Offer,Beauty,439.36,835,Sharon,patrick73@example.net,Gold,2049.0,2026-01-08,HS,6973185560.0,2025-10-29,"Arellano, Clark and Phelps Store",Wolfeland,Minnesota,2019-09-15,Full Sale,2026-01-19,2026-02-17,15.89,Beauty,Total amount is Negative or NULL
1138,TXN100352,12,,3,5798.94,49.0,2,2026-01-28 08:11:01.608603,-4752.39,662969700,Hour,Grocery,1932.98,744,Sharon,patrick73@example.net,Gold,2049.0,2026-01-08,HS,6973185560.0,2025-10-29,"Arellano, Clark and Phelps Store",Wolfeland,Minnesota,2019-09-15,,,,,,Total amount is Negative or NULL
1356,TXN100423,28,3.0,1,1940.69,87.0,5,2026-02-02 08:11:01.625092,-3876.75,3232435263,Loss,Apparel,1940.69,832,David,lowemary@example.org,Bronze,3987.0,2026-02-01,REG,1202509158.0,2023-02-16,"Warren, Smith and Smith Store",North Marissa,Washington,2022-12-01,Next Sale,2026-01-23,2026-02-09,23.25,ALL,Total amount is Negative or NULL
1357,TXN100423,2,,2,1878.68,87.0,5,2026-02-02 08:11:01.625092,-3876.75,3232435263,Throughout,Beauty,939.34,289,David,lowemary@example.org,Bronze,3987.0,2026-02-01,REG,1202509158.0,2023-02-16,"Warren, Smith and Smith Store",North Marissa,Washington,2022-12-01,,,,,,Total amount is Negative or NULL
1392,TXN100437,19,,3,3046.77,41.0,4,2026-02-01 08:11:01.632094,-4685.54,8576803643,Security,Electronics,1015.59,941,Thomas,bmartinez@example.net,Gold,1802.0,2025-12-15,AR,3590597423.0,2022-07-02,Berry-Davis Store,Torresburgh,Alaska,2024-07-26,,,,,,Total amount is Negative or NULL
1393,TXN100437,21,,1,1823.17,41.0,4,2026-02-01 08:11:01.632094,-4685.54,8576803643,Draw,Apparel,1823.17,783,Thomas,bmartinez@example.net,Gold,1802.0,2025-12-15,AR,3590597423.0,2022-07-02,Berry-Davis Store,Torresburgh,Alaska,2024-07-26,,,,,,Total amount is Negative or NULL
1394,TXN100437,22,,3,1663.86,41.0,4,2026-02-01 08:11:01.632094,-4685.54,8576803643,Raise,Beauty,554.62,207,Thomas,bmartinez@example.net,Gold,1802.0,2025-12-15,AR,3590597423.0,2022-07-02,Berry-Davis Store,Torresburgh,Alaska,2024-07-26,,,,,,Total amount is Negative or NULL
1395,TXN100437,6,,3,3615.63,41.0,4,2026-02-01 08:11:01.632094,-4685.54,8576803643,Daughter,Apparel,1205.21,475,Thomas,bmartinez@example.net,Gold,1802.0,2025-12-15,AR,3590597423.0,2022-07-02,Berry-Davis Store,Torresburgh,Alaska,2024-07-26,,,,,,Total amount is Negative or NULL
1442,TXN100452,23,,1,1341.92,50.0,2,2026-02-03 08:11:01.632810,-1346.84,8456540313,Process,Home,1341.92,399,David,jasmineyork@example.com,Gold,3723.0,2026-01-11,HS,2587114127.0,2023-11-19,"Arellano, Clark and Phelps Store",Wolfeland,Minnesota,2019-09-15,,,,,,Total amount is Negative or NULL
1443,TXN100452,14,,4,2576.0,50.0,2,2026-02-03 08:11:01.632810,-1346.84,8456540313,Consider,Apparel,644.0,768,David,jasmineyork@example.com,Gold,3723.0,2026-01-11,HS,2587114127.0,2023-11-19,"Arellano, Clark and Phelps Store",Wolfeland,Minnesota,2019-09-15,,,,,,Total amount is Negative or NULL
1444,TXN100452,25,,3,3192.39,50.0,2,2026-02-03 08:11:01.632810,-1346.84,8456540313,Money,Electronics,1064.13,60,David,jasmineyork@example.com,Gold,3723.0,2026-01-11,HS,2587114127.0,2023-11-19,"Arellano, Clark and Phelps Store",Wolfeland,Minnesota,2019-09-15,,,,,,Total amount is Negative or NULL
1578,TXN100496,15,,4,961.84,84.0,5,2026-01-29 08:11:01.641512,-2490.49,4977247272,Tell,Home,240.46,357,Rebecca,dillon49@example.com,Bronze,4493.0,2026-01-02,AR,2431511743.0,2021-04-03,"Warren, Smith and Smith Store",North Marissa,Washington,2022-12-01,,,,,,Total amount is Negative or NULL
1579,TXN100496,5,,3,3158.28,84.0,5,2026-01-29 08:11:01.641512,-2490.49,4977247272,Least,Beauty,1052.76,290,Rebecca,dillon49@example.com,Bronze,4493.0,2026-01-02,AR,2431511743.0,2021-04-03,"Warren, Smith and Smith Store",North Marissa,Washington,2022-12-01,,,,,,Total amount is Negative or NULL
1580,TXN100496,21,1.0,4,7292.68,84.0,5,2026-01-29 08:11:01.641512,-2490.49,4977247272,Draw,Apparel,1823.17,783,Rebecca,dillon49@example.com,Bronze,4493.0,2026-01-02,AR,2431511743.0,2021-04-03,"Warren, Smith and Smith Store",North Marissa,Washington,2022-12-01,Deep Sale,2026-01-06,2026-02-08,21.43,Grocery,Total amount is Negative or NULL
1581,TXN100496,10,3.0,1,176.85,84.0,5,2026-01-29 08:11:01.641512,-2490.49,4977247272,Without,Beauty,176.85,721,Rebecca,dillon49@example.com,Bronze,4493.0,2026-01-02,AR,2431511743.0,2021-04-03,"Warren, Smith and Smith Store",North Marissa,Washington,2022-12-01,Next Sale,2026-01-23,2026-02-09,23.25,ALL,Total amount is Negative or NULL
1664,TXN100519,11,,1,1900.33,46.0,3,2026-01-28 08:11:01.643785,-622.1,8070093333,Tough,Home,1900.33,315,John,morganmcintyre@example.net,Silver,1016.0,2026-01-15,AR,9551953222.0,2022-06-21,Garcia LLC Store,New Karenchester,Georgia,2020-05-29,,,,,,Total amount is Negative or NULL
1695,TXN100529,1,,1,764.41,13.0,4,2026-01-30 08:11:01.644439,-763.9,1398661767,Guy,Home,764.41,977,Whitney,joseph52@example.com,Silver,4389.0,2025-12-22,REG,5432282852.0,2024-12-27,Berry-Davis Store,Torresburgh,Alaska,2024-07-26,,,,,,Total amount is Negative or NULL
1696,TXN100529,4,,3,1318.08,13.0,4,2026-01-30 08:11:01.644439,-763.9,1398661767,Offer,Beauty,439.36,835,Whitney,joseph52@example.com,Silver,4389.0,2025-12-22,REG,5432282852.0,2024-12-27,Berry-Davis Store,Torresburgh,Alaska,2024-07-26,,,,,,Total amount is Negative or NULL
1697,TXN100529,10,,2,353.7,13.0,4,2026-01-30 08:11:01.644439,-763.9,1398661767,Without,Beauty,176.85,721,Whitney,joseph52@example.com,Silver,4389.0,2025-12-22,REG,5432282852.0,2024-12-27,Berry-Davis Store,Torresburgh,Alaska,2024-07-26,,,,,,Total amount is Negative or NULL
1698,TXN100529,1,,3,2293.23,13.0,4,2026-01-30 08:11:01.644439,-763.9,1398661767,Guy,Home,764.41,977,Whitney,joseph52@example.com,Silver,4389.0,2025-12-22,REG,5432282852.0,2024-12-27,Berry-Davis Store,Torresburgh,Alaska,2024-07-26,,,,,,Total amount is Negative or NULL
1718,TXN100537,6,5.0,1,1205.21,87.0,4,2026-02-01 08:11:01.649990,-3861.33,9263373810,Daughter,Apparel,1205.21,475,David,lowemary@example.org,Bronze,3987.0,2026-02-01,REG,1202509158.0,2023-02-16,Berry-Davis Store,Torresburgh,Alaska,2024-07-26,Result Sale,2026-01-12,2026-02-06,19.15,Beauty,Total amount is Negative or NULL
1719,TXN100537,2,4.0,2,1878.68,87.0,4,2026-02-01 08:11:01.649990,-3861.33,9263373810,Throughout,Beauty,939.34,289,David,lowemary@example.org,Bronze,3987.0,2026-02-01,REG,1202509158.0,2023-02-16,Berry-Davis Store,Torresburgh,Alaska,2024-07-26,Follow Sale,2026-01-17,2026-02-19,6.19,Electronics,Total amount is Negative or NULL
1720,TXN100537,29,,1,1561.51,87.0,4,2026-02-01 08:11:01.649990,-3861.33,9263373810,Ground,Home,1561.51,84,David,lowemary@example.org,Bronze,3987.0,2026-02-01,REG,1202509158.0,2023-02-16,Berry-Davis Store,Torresburgh,Alaska,2024-07-26,,,,,,Total amount is Negative or NULL
1743,TXN100545,16,,1,1384.25,101.0,3,2026-02-01 08:11:01.650411,-2209.23,5528396530,Summer,Apparel,1384.25,898,Brittany,hnicholson@example.net,Gold,562.0,2026-01-26,HS,4477873367.0,2024-03-14,Garcia LLC Store,New Karenchester,Georgia,2020-05-29,,,,,,Total amount is Negative or NULL
1744,TXN100545,13,,3,4879.11,101.0,3,2026-02-01 08:11:01.650411,-2209.23,5528396530,Approach,Beauty,1626.37,739,Brittany,hnicholson@example.net,Gold,562.0,2026-01-26,HS,4477873367.0,2024-03-14,Garcia LLC Store,New Karenchester,Georgia,2020-05-29,,,,,,Total amount is Negative or NULL
1802,TXN100568,30,,2,3764.04,110.0,2,2026-02-01 08:11:01.651584,-1859.29,1089793099,Send,Home,1882.02,876,Dale,brandybaker@example.net,Silver,4754.0,2026-01-02,HS,9985164957.0,2021-11-03,"Arellano, Clark and Phelps Store",Wolfeland,Minnesota,2019-09-15,,,,,,Total amount is Negative or NULL
1803,TXN100568,3,,2,3162.18,110.0,2,2026-02-01 08:11:01.651584,-1859.29,1089793099,Picture,Grocery,1581.09,882,Dale,brandybaker@example.net,Silver,4754.0,2026-01-02,HS,9985164957.0,2021-11-03,"Arellano, Clark and Phelps Store",Wolfeland,Minnesota,2019-09-15,,,,,,Total amount is Negative or NULL
1804,TXN100568,1,,3,2293.23,110.0,2,2026-02-01 08:11:01.651584,-1859.29,1089793099,Guy,Home,764.41,977,Dale,brandybaker@example.net,Silver,4754.0,2026-01-02,HS,9985164957.0,2021-11-03,"Arellano, Clark and Phelps Store",Wolfeland,Minnesota,2019-09-15,,,,,,Total amount is Negative or NULL
1805,TXN100568,30,3.0,3,5646.06,110.0,2,2026-02-01 08:11:01.651584,-1859.29,1089793099,Send,Home,1882.02,876,Dale,brandybaker@example.net,Silver,4754.0,2026-01-02,HS,9985164957.0,2021-11-03,"Arellano, Clark and Phelps Store",Wolfeland,Minnesota,2019-09-15,Next Sale,2026-01-23,2026-02-09,23.25,ALL,Total amount is Negative or NULL
1813,TXN100571,2,,4,3757.36,21.0,2,2026-01-31 08:11:01.651733,-505.09,480536452,Throughout,Beauty,939.34,289,Margaret,chris23@example.net,Gold,1147.0,2025-12-14,AR,8898930088.0,2025-09-12,"Arellano, Clark and Phelps Store",Wolfeland,Minnesota,2019-09-15,,,,,,Total amount is Negative or NULL
1814,TXN100571,12,2.0,1,1932.98,21.0,2,2026-01-31 08:11:01.651733,-505.09,480536452,Hour,Grocery,1932.98,744,Margaret,chris23@example.net,Gold,1147.0,2025-12-14,AR,8898930088.0,2025-09-12,"Arellano, Clark and Phelps Store",Wolfeland,Minnesota,2019-09-15,Full Sale,2026-01-19,2026-02-17,15.89,Beauty,Total amount is Negative or NULL
1815,TXN100571,15,,4,961.84,21.0,2,2026-01-31 08:11:01.651733,-505.09,480536452,Tell,Home,240.46,357,Margaret,chris23@example.net,Gold,1147.0,2025-12-14,AR,8898930088.0,2025-09-12,"Arellano, Clark and Phelps Store",Wolfeland,Minnesota,2019-09-15,,,,,,Total amount is Negative or NULL
1816,TXN100571,27,4.0,4,1641.88,21.0,2,2026-01-31 08:11:01.651733,-505.09,480536452,Ball,Grocery,410.47,34,Margaret,chris23@example.net,Gold,1147.0,2025-12-14,AR,8898930088.0,2025-09-12,"Arellano, Clark and Phelps Store",Wolfeland,Minnesota,2019-09-15,Follow Sale,2026-01-17,2026-02-19,6.19,Electronics,Total amount is Negative or NULL
1817,TXN100571,14,,4,2576.0,21.0,2,2026-01-31 08:11:01.651733,-505.09,480536452,Consider,Apparel,644.0,768,Margaret,chris23@example.net,Gold,1147.0,2025-12-14,AR,8898930088.0,2025-09-12,"Arellano, Clark and Phelps Store",Wolfeland,Minnesota,2019-09-15,,,,,,Total amount is Negative or NULL
1868,TXN100589,7,,1,140.58,62.0,1,2026-01-28 08:11:01.656829,-1703.72,256661166,Later,Grocery,140.58,481,Teresa,calderonann@example.org,Bronze,3991.0,2026-01-26,HS,3078894242.0,2024-07-04,Wood-Davis Store,Snyderport,Georgia,2024-04-15,,,,,,Total amount is Negative or NULL
1869,TXN100589,27,2.0,2,820.94,62.0,1,2026-01-28 08:11:01.656829,-1703.72,256661166,Ball,Grocery,410.47,34,Teresa,calderonann@example.org,Bronze,3991.0,2026-01-26,HS,3078894242.0,2024-07-04,Wood-Davis Store,Snyderport,Georgia,2024-04-15,Full Sale,2026-01-19,2026-02-17,15.89,Beauty,Total amount is Negative or NULL
1870,TXN100589,20,,3,351.18,62.0,1,2026-01-28 08:11:01.656829,-1703.72,256661166,Standard,Home,117.06,236,Teresa,calderonann@example.org,Bronze,3991.0,2026-01-26,HS,3078894242.0,2024-07-04,Wood-Davis Store,Snyderport,Georgia,2024-04-15,,,,,,Total amount is Negative or NULL
1871,TXN100589,8,5.0,4,4938.84,62.0,1,2026-01-28 08:11:01.656829,-1703.72,256661166,Weight,Grocery,1234.71,746,Teresa,calderonann@example.org,Bronze,3991.0,2026-01-26,HS,3078894242.0,2024-07-04,Wood-Davis Store,Snyderport,Georgia,2024-04-15,Result Sale,2026-01-12,2026-02-06,19.15,Beauty,Total amount is Negative or NULL
1942,TXN100611,1,3.0,1,764.41,99.0,3,2026-02-01 08:11:01.662312,-4712.27,1041375899,Guy,Home,764.41,977,John,santosdanielle@example.org,Silver,1693.0,2025-12-22,HS,6714843754.0,2022-07-28,Garcia LLC Store,New Karenchester,Georgia,2020-05-29,Next Sale,2026-01-23,2026-02-09,23.25,ALL,Total amount is Negative or NULL
1943,TXN100611,30,2.0,4,7528.08,99.0,3,2026-02-01 08:11:01.662312,-4712.27,1041375899,Send,Home,1882.02,876,John,santosdanielle@example.org,Silver,1693.0,2025-12-22,HS,6714843754.0,2022-07-28,Garcia LLC Store,New Karenchester,Georgia,2020-05-29,Full Sale,2026-01-19,2026-02-17,15.89,Beauty,Total amount is Negative or NULL
1944,TXN100611,4,1.0,4,1757.44,99.0,3,2026-02-01 08:11:01.662312,-4712.27,1041375899,Offer,Beauty,439.36,835,John,santosdanielle@example.org,Silver,1693.0,2025-12-22,HS,6714843754.0,2022-07-28,Garcia LLC Store,New Karenchester,Georgia,2020-05-29,Deep Sale,2026-01-06,2026-02-08,21.43,Grocery,Total amount is Negative or NULL
1945,TXN100611,18,,2,575.94,99.0,3,2026-02-01 08:11:01.662312,-4712.27,1041375899,Process,Beauty,287.97,811,John,santosdanielle@example.org,Silver,1693.0,2025-12-22,HS,6714843754.0,2022-07-28,Garcia LLC Store,New Karenchester,Georgia,2020-05-29,,,,,,Total amount is Negative or NULL
1946,TXN100611,1,,4,3057.64,99.0,3,2026-02-01 08:11:01.662312,-4712.27,1041375899,Guy,Home,764.41,977,John,santosdanielle@example.org,Silver,1693.0,2025-12-22,HS,6714843754.0,2022-07-28,Garcia LLC Store,New Karenchester,Georgia,2020-05-29,,,,,,Total amount is Negative or NULL
1954,TXN100615,17,,4,3633.2,67.0,3,2026-01-30 08:11:01.662507,-4454.75,5880453603,Ask,Home,908.3,72,Peter,brittneydavis@example.net,Silver,4199.0,2025-12-20,AR,3241595890.0,2023-10-01,Garcia LLC Store,New Karenchester,Georgia,2020-05-29,,,,,,Total amount is Negative or NULL
1955,TXN100615,29,,1,1561.51,67.0,3,2026-01-30 08:11:01.662507,-4454.75,5880453603,Ground,Home,1561.51,84,Peter,brittneydavis@example.net,Silver,4199.0,2025-12-20,AR,3241595890.0,2023-10-01,Garcia LLC Store,New Karenchester,Georgia,2020-05-29,,,,,,Total amount is Negative or NULL
2006,TXN100633,20,4.0,1,117.06,29.0,1,2026-02-01 08:11:01.663467,-3729.82,4398525055,Standard,Home,117.06,236,Angela,glennbrown@example.net,Bronze,1986.0,2025-12-10,AR,5537567569.0,2025-11-24,Wood-Davis Store,Snyderport,Georgia,2024-04-15,Follow Sale,2026-01-17,2026-02-19,6.19,Electronics,Total amount is Negative or NULL
2007,TXN100633,15,,4,961.84,29.0,1,2026-02-01 08:11:01.663467,-3729.82,4398525055,Tell,Home,240.46,357,Angela,glennbrown@example.net,Bronze,1986.0,2025-12-10,AR,5537567569.0,2025-11-24,Wood-Davis Store,Snyderport,Georgia,2024-04-15,,,,,,Total amount is Negative or NULL
2008,TXN100633,24,3.0,4,2631.36,29.0,1,2026-02-01 08:11:01.663467,-3729.82,4398525055,Technology,Electronics,657.84,512,Angela,glennbrown@example.net,Bronze,1986.0,2025-12-10,AR,5537567569.0,2025-11-24,Wood-Davis Store,Snyderport,Georgia,2024-04-15,Next Sale,2026-01-23,2026-02-09,23.25,ALL,Total amount is Negative or NULL
2009,TXN100633,3,,2,3162.18,29.0,1,2026-02-01 08:11:01.663467,-3729.82,4398525055,Picture,Grocery,1581.09,882,Angela,glennbrown@example.net,Bronze,1986.0,2025-12-10,AR,5537567569.0,2025-11-24,Wood-Davis Store,Snyderport,Georgia,2024-04-15,,,,,,Total amount is Negative or NULL
2012,TXN100635,2,2.0,2,1878.68,119.0,4,2026-02-01 08:11:01.663564,-4805.68,8647807501,Throughout,Beauty,939.34,289,Amanda,perkinsgina@example.org,Silver,2565.0,2025-12-17,HS,2168182977.0,2023-09-16,Berry-Davis Store,Torresburgh,Alaska,2024-07-26,Full Sale,2026-01-19,2026-02-17,15.89,Beauty,Total amount is Negative or NULL
2013,TXN100635,18,4.0,2,575.94,119.0,4,2026-02-01 08:11:01.663564,-4805.68,8647807501,Process,Beauty,287.97,811,Amanda,perkinsgina@example.org,Silver,2565.0,2025-12-17,HS,2168182977.0,2023-09-16,Berry-Davis Store,Torresburgh,Alaska,2024-07-26,Follow Sale,2026-01-17,2026-02-19,6.19,Electronics,Total amount is Negative or NULL
2026,TXN100640,21,,3,5469.51,11.0,2,2026-01-31 08:11:01.666191,-2810.15,2439401396,Draw,Apparel,1823.17,783,Valerie,rachel35@example.net,Gold,4496.0,2025-12-11,REG,8215339509.0,2025-08-03,"Arellano, Clark and Phelps Store",Wolfeland,Minnesota,2019-09-15,,,,,,Total amount is Negative or NULL
2027,TXN100640,3,,3,4743.27,11.0,2,2026-01-31 08:11:01.666191,-2810.15,2439401396,Picture,Grocery,1581.09,882,Valerie,rachel35@example.net,Gold,4496.0,2025-12-11,REG,8215339509.0,2025-08-03,"Arellano, Clark and Phelps Store",Wolfeland,Minnesota,2019-09-15,,,,,,Total amount is Negative or NULL
2028,TXN100640,23,,4,5367.68,11.0,2,2026-01-31 08:11:01.666191,-2810.15,2439401396,Process,Home,1341.92,399,Valerie,rachel35@example.net,Gold,4496.0,2025-12-11,REG,8215339509.0,2025-08-03,"Arellano, Clark and Phelps Store",Wolfeland,Minnesota,2019-09-15,,,,,,Total amount is Negative or NULL
2072,TXN100659,21,,3,5469.51,104.0,4,2026-01-28 08:11:01.667234,-4954.32,816581786,Draw,Apparel,1823.17,783,Christopher,robert32@example.net,Bronze,225.0,2025-12-11,REG,1934907568.0,2022-10-08,Berry-Davis Store,Torresburgh,Alaska,2024-07-26,,,,,,Total amount is Negative or NULL
2081,TXN100663,19,,3,3046.77,117.0,1,2026-02-01 08:11:01.667433,-4082.46,6311179922,Security,Electronics,1015.59,941,Jose,brian04@example.net,Bronze,1069.0,2026-01-05,HS,449694448.0,2024-03-03,Wood-Davis Store,Snyderport,Georgia,2024-04-15,,,,,,Total amount is Negative or NULL
2082,TXN100663,7,,2,281.16,117.0,1,2026-02-01 08:11:01.667433,-4082.46,6311179922,Later,Grocery,140.58,481,Jose,brian04@example.net,Bronze,1069.0,2026-01-05,HS,449694448.0,2024-03-03,Wood-Davis Store,Snyderport,Georgia,2024-04-15,,,,,,Total amount is Negative or NULL
2083,TXN100663,23,,4,5367.68,117.0,1,2026-02-01 08:11:01.667433,-4082.46,6311179922,Process,Home,1341.92,399,Jose,brian04@example.net,Bronze,1069.0,2026-01-05,HS,449694448.0,2024-03-03,Wood-Davis Store,Snyderport,Georgia,2024-04-15,,,,,,Total amount is Negative or NULL
2084,TXN100663,25,,4,4256.52,117.0,1,2026-02-01 08:11:01.667433,-4082.46,6311179922,Money,Electronics,1064.13,60,Jose,brian04@example.net,Bronze,1069.0,2026-01-05,HS,449694448.0,2024-03-03,Wood-Davis Store,Snyderport,Georgia,2024-04-15,,,,,,Total amount is Negative or NULL
2097,TXN100668,16,,1,1384.25,57.0,5,2026-02-01 08:11:01.667694,-4428.78,9302133171,Summer,Apparel,1384.25,898,Danielle,shelleywells@example.com,Gold,2255.0,2025-12-08,AR,1145565689.0,2023-08-03,"Warren, Smith and Smith Store",North Marissa,Washington,2022-12-01,,,,,,Total amount is Negative or NULL
2098,TXN100668,14,,2,1288.0,57.0,5,2026-02-01 08:11:01.667694,-4428.78,9302133171,Consider,Apparel,644.0,768,Danielle,shelleywells@example.com,Gold,2255.0,2025-12-08,AR,1145565689.0,2023-08-03,"Warren, Smith and Smith Store",North Marissa,Washington,2022-12-01,,,,,,Total amount is Negative or NULL
2099,TXN100668,23,,4,5367.68,57.0,5,2026-02-01 08:11:01.667694,-4428.78,9302133171,Process,Home,1341.92,399,Danielle,shelleywells@example.com,Gold,2255.0,2025-12-08,AR,1145565689.0,2023-08-03,"Warren, Smith and Smith Store",North Marissa,Washington,2022-12-01,,,,,,Total amount is Negative or NULL
2100,TXN100668,14,,2,1288.0,57.0,5,2026-02-01 08:11:01.667694,-4428.78,9302133171,Consider,Apparel,644.0,768,Danielle,shelleywells@example.com,Gold,2255.0,2025-12-08,AR,1145565689.0,2023-08-03,"Warren, Smith and Smith Store",North Marissa,Washington,2022-12-01,,,,,,Total amount is Negative or NULL
2101,TXN100668,14,,1,644.0,57.0,5,2026-02-01 08:11:01.667694,-4428.78,9302133171,Consider,Apparel,644.0,768,Danielle,shelleywells@example.com,Gold,2255.0,2025-12-08,AR,1145565689.0,2023-08-03,"Warren, Smith and Smith Store",North Marissa,Washington,2022-12-01,,,,,,Total amount is Negative or NULL
2147,TXN100683,28,,2,3881.38,2.0,5,2026-02-01 08:11:01.668384,-2679.6,1583215476,Loss,Apparel,1940.69,832,Erin,ann03@example.com,Bronze,3474.0,2026-01-22,HS,1185027919.0,2021-07-10,"Warren, Smith and Smith Store",North Marissa,Washington,2022-12-01,,,,,,Total amount is Negative or NULL
2148,TXN100683,10,,1,176.85,2.0,5,2026-02-01 08:11:01.668384,-2679.6,1583215476,Without,Beauty,176.85,721,Erin,ann03@example.com,Bronze,3474.0,2026-01-22,HS,1185027919.0,2021-07-10,"Warren, Smith and Smith Store",North Marissa,Washington,2022-12-01,,,,,,Total amount is Negative or NULL
2149,TXN100683,17,,3,2724.9,2.0,5,2026-02-01 08:11:01.668384,-2679.6,1583215476,Ask,Home,908.3,72,Erin,ann03@example.com,Bronze,3474.0,2026-01-22,HS,1185027919.0,2021-07-10,"Warren, Smith and Smith Store",North Marissa,Washington,2022-12-01,,,,,,Total amount is Negative or NULL
2150,TXN100683,29,,2,3123.02,2.0,5,2026-02-01 08:11:01.668384,-2679.6,1583215476,Ground,Home,1561.51,84,Erin,ann03@example.com,Bronze,3474.0,2026-01-22,HS,1185027919.0,2021-07-10,"Warren, Smith and Smith Store",North Marissa,Washington,2022-12-01,,,,,,Total amount is Negative or NULL
